Store,Group
3550,Kitchen
3553,Kitchen
3555,Kitchen
3557,Kitchen
3564,Kitchen
3663,Kitchen
7504,Kitchen
7505,Kitchen
7506,Kitchen
7508,Kitchen
7510,Kitchen
7512,Kitchen
7519,Kitchen
7520,Kitchen
7522,Kitchen
7526,Kitchen
7528,Kitchen
7529,Kitchen
7530,Kitchen
7531,Kitchen
7533,Kitchen
7534,Kitchen
7536,Kitchen
7538,Kitchen
7542,Kitchen
7544,Kitchen
7545,Kitchen
7547,Kitchen
7548,Kitchen
7549,Kitchen
7551,Kitchen
7559,Kitchen
7570,Kitchen
7571,Kitchen
7572,Kitchen
7577,Kitchen
7578,Kitchen
7579,Kitchen
7580,Kitchen
7581,Kitchen
